[
    {
        "model": "amanda.autor",
        "pk": 1,
        "fields": {
            "autor": "Stephen King"
        }
    },
    {
        "model": "amanda.autor",
        "pk": 2,
        "fields": {
            "autor": "John Green"
        }
    },
    {
        "model": "amanda.autor",
        "pk": 3,
        "fields": {
            "autor": "J. K. Rowling"
        }
    },
    {
        "model": "amanda.autor",
        "pk": 4,
        "fields": {
            "autor": "Suzanne Collins"
        }
    },
    {
        "model": "amanda.autor",
        "pk": 5,
        "fields": {
            "autor": "Paula Hawkins"
        }
    },
    {
        "model": "amanda.autor",
        "pk": 6,
        "fields": {
            "autor": "Michelle Obama"
        }
    },
    {
        "model": "amanda.autor",
        "pk": 7,
        "fields": {
            "autor": "Taylor Jenkins Reid"
        }
    },
    {
        "model": "amanda.autor",
        "pk": 8,
        "fields": {
            "autor": "J. R. R. Tolkien"
        }
    },
    {
        "model": "amanda.autor",
        "pk": 9,
        "fields": {
            "autor": "Tillie Cole"
        }
    },
    {
        "model": "amanda.autor",
        "pk": 10,
        "fields": {
            "autor": "C. J. Tudor"
        }
    },
    {
        "model": "amanda.genero",
        "pk": 1,
        "fields": {
            "genero": "Terror"
        }
    },
    {
        "model": "amanda.genero",
        "pk": 2,
        "fields": {
            "genero": "Romance"
        }
    },
    {
        "model": "amanda.genero",
        "pk": 3,
        "fields": {
            "genero": "Suspense"
        }
    },
    {
        "model": "amanda.genero",
        "pk": 4,
        "fields": {
            "genero": "Biografia"
        }
    },
    {
        "model": "amanda.genero",
        "pk": 5,
        "fields": {
            "genero": "Fantasia"
        }
    },
    {
        "model": "amanda.genero",
        "pk": 6,
        "fields": {
            "genero": "Ficção"
        }
    },
    {
        "model": "amanda.genero",
        "pk": 7,
        "fields": {
            "genero": "Mistério"
        }
    },
    {
        "model": "amanda.genero",
        "pk": 8,
        "fields": {
            "genero": "Distopia"
        }
    },
    {
        "model": "amanda.editora",
        "pk": 1,
        "fields": {
            "editora": "Suma"
        }
    },
    {
        "model": "amanda.editora",
        "pk": 2,
        "fields": {
            "editora": "Intrínseca"
        }
    },
    {
        "model": "amanda.editora",
        "pk": 3,
        "fields": {
            "editora": "Outro Planeta"
        }
    },
    {
        "model": "amanda.editora",
        "pk": 4,
        "fields": {
            "editora": "WMF Martins Fontes"
        }
    },
    {
        "model": "amanda.editora",
        "pk": 5,
        "fields": {
            "editora": "Paralela"
        }
    },
    {
        "model": "amanda.editora",
        "pk": 6,
        "fields": {
            "editora": "Crown"
        }
    },
    {
        "model": "amanda.editora",
        "pk": 7,
        "fields": {
            "editora": "Record"
        }
    },
    {
        "model": "amanda.editora",
        "pk": 8,
        "fields": {
            "editora": "Rocco Jovens Leitores"
        }
    },
    {
        "model": "amanda.editora",
        "pk": 9,
        "fields": {
            "editora": "Bertrand Editora"
        }
    },
    {
        "model": "amanda.editora",
        "pk": 10,
        "fields": {
            "editora": "Bloomsbury Publishing"
        }
    },
    {
        "model": "amanda.livro",
        "pk": 1,
        "fields": {
            "titulo": "It - A Coisa",
            "autor": 1,
            "genero": 1,
            "editora": 1,
            "ano_publicacao": 1986,
            "idioma": "Português",
            "imagem": "livros/itacoisa.jpg",
            "sinopse": "Um grupo de crianças se une para investigar o misterioso desaparecimento de vários jovens em sua cidade. Eles descobrem que o culpado é Pennywise, um palhaço cruel que se alimenta de seus medos e cuja violência teve origem há vários séculos.",
            "status": "Disponível",
            "pdf_disponivel": "pdfs/it__-__a_coisa.pdf"
        }
    },
    {
        "model": "amanda.livro",
        "pk": 2,
        "fields": {
            "titulo": "O Homem de Giz",
            "autor": 10,
            "genero": 3,
            "editora": 2,
            "ano_publicacao": 2018,
            "idioma": "Português",
            "imagem": "livros/ohomemdegiz.jpg",
            "sinopse": "Assassinato e sinais misteriosos em uma trama para fãs de Stranger Things e Stephen King. Em 1986, Eddie e os amigos passam a maior parte dos dias andando de bicicleta pela pacata vizinhança em busca de aventuras. Os desenhos a giz são seu código secreto: homenzinhos rabiscados no asfalto; mensagens que só eles entendem.",
            "status": "Disponível",
            "pdf_disponivel": "pdfs/o_homem_de_giz.pdf"
        }
    },
    {
        "model": "amanda.livro",
        "pk": 3,
        "fields": {
            "titulo": "Mil Beijos de Garoto",
            "autor": 9,
            "genero": 2,
            "editora": 3,
            "ano_publicacao": 2018,
            "idioma": "Português",
            "imagem": "livros/milbeijosdegaroto.jpg",
            "sinopse": "Quando, aos dezessete anos, Rune Kristiansen retorna da Noruega para o lugar onde passou a infância – a cidade americana de Blossom Grove, na Geórgia –, ele só tem uma coisa em mente: reencontrar Poppy Litchfield, a garota que era sua cara-metade e que tinha prometido esperar fielmente por seu retorno.",
            "status": "Disponível",
            "pdf_disponivel": "pdfs/mil_beijos_de_garoto.pdf"
        }
    },
    {
        "model": "amanda.livro",
        "pk": 4,
        "fields": {
            "titulo": "O Silmarillion",
            "autor": 8,
            "genero": 5,
            "editora": 4,
            "ano_publicacao": 2019,
            "idioma": "Português",
            "imagem": "livros/silmarillion.jpg",
            "sinopse": "Quando o primeiro Senhor das Trevas, Morgoth, rouba as joias e as coloca numa coroa de ferro na impenetrável fortaleza de Angband, Fëanor e os seus familiares pegam em armas contra os deuses e travam uma longa e terrível guerra para recuperá-las.",
            "status": "Disponível",
            "pdf_disponivel": "pdfs/o_silmarillion.pdf"
        }
    },
    {
        "model": "amanda.livro",
        "pk": 5,
        "fields": {
            "titulo": "Os Sete Maridos de Evelyn Hugo",
            "autor": 7,
            "genero": 6,
            "editora": 5,
            "ano_publicacao": 2017,
            "idioma": "Português",
            "imagem": "livros/ossetemaridos.jpg",
            "sinopse": "Da chegada a Hollywood no início da década de 1950 à decisão de abandonar o mundo do espetáculo 30 anos depois, incluindo, claro está, os seus sete casamentos, a vida de Evelyn é repleta de ambição desmedida, amizades improváveis e um grande amor proibido.",
            "status": "Disponível",
            "pdf_disponivel": "pdfs/os_sete_maridos_de_evelyn_hugo.pdf"
        }
    },
    {
        "model": "amanda.livro",
        "pk": 6,
        "fields": {
            "titulo": "Becoming",
            "autor": 6,
            "genero": 4,
            "editora": 6,
            "ano_publicacao": 2018,
            "idioma": "Inglês",
            "imagem": "livros/becoming.jpg",
            "sinopse": "Nas suas memórias, uma obra de reflexão profunda e uma narrativa fascinante, Michelle Obama convida os leitores a entrar no seu mundo, relatando as experiências que a moldaram - desde a infância na zona sul de Chicago, passando pelos anos como executiva, equilibrando as exigências da maternidade e o trabalho, até ao tempo passado no endereço mais famoso do mundo. Terno, sábio e revelador, BECOMING é um relato íntimo de uma mulher de alma e substância que desafiou constantemente as expectativas - e cuja história nos inspira a fazer o mesmo.",
            "status": "Disponível",
            "pdf_disponivel": "pdfs/becoming.pdf"
        }
    },
    {
        "model": "amanda.livro",
        "pk": 7,
        "fields": {
            "titulo": "A Garota no Trem",
            "autor": 5,
            "genero": 7,
            "editora": 7,
            "ano_publicacao": 2015,
            "idioma": "Português",
            "imagem": "livros/agarotanotrem.jpg",
            "sinopse": "Um thriller psicológico que vai mudar para sempre a maneira como você observa a vida das pessoas ao seu redor. Todas as manhãs Rachel pega o trem das 8h04 de Ashbury para Londres. O arrastar trepidante pelos trilhos faz parte de sua rotina.",
            "status": "Disponível",
            "pdf_disponivel": "pdfs/a_garota_no_trem.pdf"
        }
    },
    {
        "model": "amanda.livro",
        "pk": 8,
        "fields": {
            "titulo": "Jogos Vorazes",
            "autor": 4,
            "genero": 8,
            "editora": 8,
            "ano_publicacao": 2010,
            "idioma": "Português",
            "imagem": "livros/jogosvorazes.jpg",
            "sinopse": "Quando Katniss Everdeen, de 16 anos, decide participar dos Jogos Vorazes para poupar a irmã mais nova, causando grande comoção no país, ela sabe que essa pode ser a sua sentença de morte. Mas a jovem usa toda a sua habilidade de caça e sobrevivência ao ar livre para se manter viva.",
            "status": "Disponível",
            "pdf_disponivel": "pdfs/jogos_vorazes.pdf"
        }
    },
    {
        "model": "amanda.livro",
        "pk": 9,
        "fields": {
            "titulo": "Harry Potter e a Pedra Filosofal",
            "autor": 3,
            "genero": 5,
            "editora": 10,
            "ano_publicacao": 1997,
            "idioma": "Português",
            "imagem": "livros/harrypotter.jpg",
            "sinopse": "Descobre sua verdadeira história e seu destino: ser um aprendiz de feiticeiro até o dia em que terá que enfrentar a pior força do mal, o homem que assassinou seus pais. O menino de olhos verde, magricela e desengonçado, tão habituado à rejeição, descobre, também, que é um herói no universo dos magos.",
            "status": "Disponível",
            "pdf_disponivel": "pdfs/harry_potter_e_a_pedra_filosofal.pdf"
        }
    },
    {
        "model": "amanda.livro",
        "pk": 10,
        "fields": {
            "titulo": "A Culpa é das Estrelas",
            "autor": 2,
            "genero": 2,
            "editora": 2,
            "ano_publicacao": 2012,
            "idioma": "Português",
            "imagem": "livros/aculpaedasestrelas.jpg",
            "sinopse": "A Culpa é das Estrelas é um livro emocionante, que trata do amor de dois jovens aprendendo desde cedo a lidar com o fato de que poderão ser afastados um do outro a qualquer momento. Apesar disso, a história de John Green mostra que é possível driblar as dificuldades para alcançar ao menos um pouco de alegria.",
            "status": "Disponível",
            "pdf_disponivel": "pdfs/a_culpa_e_das_estrelas.pdf"
        }
    },
    {
        "model": "amanda.avaliacao",
        "pk": 1,
        "fields": {
            "user": 1,
            "livro": 10,
            "nota": 5.0,
            "comentario": "muito top"
        }
    },
    {
        "model": "amanda.avaliacao",
        "pk": 2,
        "fields": {
            "user": 1,
            "livro": 3,
            "nota": 0.0,
            "comentario": "muito ruim"
        }
    },
    {
        "model": "amanda.avaliacao",
        "pk": 3,
        "fields": {
            "user": 1,
            "livro": 7,
            "nota": 3.0,
            "comentario": "mais ou menos"
        }
    },
    {
        "model": "amanda.avaliacao",
        "pk": 4,
        "fields": {
            "user": 1,
            "livro": 2,
            "nota": 1.0,
            "comentario": "até que é bom"
        }
    },
    {
        "model": "amanda.avaliacao",
        "pk": 5,
        "fields": {
            "user": 1,
            "livro": 8,
            "nota": 5.0,
            "comentario": "incrível"
        }
    },
    {
        "model": "amanda.avaliacao",
        "pk": 6,
        "fields": {
            "user": 1,
            "livro": 10,
            "nota": 1.0,
            "comentario": "horrivel"
        }
    }
]